message;severity;node;stamp;location
"Oh no! I hit the wall! (Clamping from [x=11.120889, y=5.544445])";"30";"turtlesim";"1727428128.548299815";"./src/turtle.cpp:update:260"
"Oh no! I hit the wall! (Clamping from [x=11.120889, y=5.544445])";"30";"turtlesim";"1727428128.531776446";"./src/turtle.cpp:update:260"
"Oh no! I hit the wall! (Clamping from [x=11.120889, y=5.544445])";"30";"turtlesim";"1727428128.516037384";"./src/turtle.cpp:update:260"
"Oh no! I hit the wall! (Clamping from [x=-0.022893, y=-0.022359])";"30";"turtlesim";"1727428102.217197159";"./src/turtle.cpp:update:260"
"Oh no! I hit the wall! (Clamping from [x=-0.022893, y=-0.022359])";"30";"turtlesim";"1727428102.200546117";"./src/turtle.cpp:update:260"
"Oh no! I hit the wall! (Clamping from [x=-0.022893, y=-0.022359])";"30";"turtlesim";"1727428102.184944734";"./src/turtle.cpp:update:260"
"Oh no! I hit the wall! (Clamping from [x=-0.022893, y=-0.022359])";"30";"turtlesim";"1727428102.169288358";"./src/turtle.cpp:update:260"
"Oh no! I hit the wall! (Clamping from [x=-0.022893, y=-0.022359])";"30";"turtlesim";"1727428102.152398338";"./src/turtle.cpp:update:260"
"Oh no! I hit the wall! (Clamping from [x=-0.022893, y=-0.022359])";"30";"turtlesim";"1727428102.136790573";"./src/turtle.cpp:update:260"
"Oh no! I hit the wall! (Clamping from [x=-0.022893, y=-0.022359])";"30";"turtlesim";"1727428102.121198317";"./src/turtle.cpp:update:260"
"Oh no! I hit the wall! (Clamping from [x=-0.022893, y=-0.022359])";"30";"turtlesim";"1727428102.104955370";"./src/turtle.cpp:update:260"
"Oh no! I hit the wall! (Clamping from [x=-0.022893, y=-0.022359])";"30";"turtlesim";"1727428102.089288705";"./src/turtle.cpp:update:260"
"Oh no! I hit the wall! (Clamping from [x=-0.022893, y=-0.022359])";"30";"turtlesim";"1727428102.072579544";"./src/turtle.cpp:update:260"
"Oh no! I hit the wall! (Clamping from [x=11.120889, y=5.544445])";"30";"turtlesim";"1727428128.500229944";"./src/turtle.cpp:update:260"
"Oh no! I hit the wall! (Clamping from [x=11.120889, y=5.544445])";"30";"turtlesim";"1727428128.483680657";"./src/turtle.cpp:update:260"
"Oh no! I hit the wall! (Clamping from [x=11.120889, y=5.544445])";"30";"turtlesim";"1727428128.467983162";"./src/turtle.cpp:update:260"
"Oh no! I hit the wall! (Clamping from [x=11.120889, y=5.544445])";"30";"turtlesim";"1727428128.452458311";"./src/turtle.cpp:update:260"
"Oh no! I hit the wall! (Clamping from [x=-0.022893, y=-0.022359])";"30";"turtlesim";"1727428102.056648342";"./src/turtle.cpp:update:260"
"Oh no! I hit the wall! (Clamping from [x=-0.022893, y=-0.022359])";"30";"turtlesim";"1727428102.040985123";"./src/turtle.cpp:update:260"
"Oh no! I hit the wall! (Clamping from [x=-0.022893, y=-0.022359])";"30";"turtlesim";"1727428102.024386129";"./src/turtle.cpp:update:260"
"Oh no! I hit the wall! (Clamping from [x=-0.022893, y=-0.022359])";"30";"turtlesim";"1727428102.008694998";"./src/turtle.cpp:update:260"
"Oh no! I hit the wall! (Clamping from [x=11.120889, y=5.544445])";"30";"turtlesim";"1727428128.435800391";"./src/turtle.cpp:update:260"
"Oh no! I hit the wall! (Clamping from [x=11.120889, y=5.544445])";"30";"turtlesim";"1727428128.420279998";"./src/turtle.cpp:update:260"
"Oh no! I hit the wall! (Clamping from [x=11.120889, y=5.544445])";"30";"turtlesim";"1727428128.403690305";"./src/turtle.cpp:update:260"
"Oh no! I hit the wall! (Clamping from [x=11.120889, y=5.544445])";"30";"turtlesim";"1727428128.388155334";"./src/turtle.cpp:update:260"
"Oh no! I hit the wall! (Clamping from [x=11.120889, y=5.544445])";"30";"turtlesim";"1727428128.372401494";"./src/turtle.cpp:update:260"
"Oh no! I hit the wall! (Clamping from [x=11.120889, y=5.544445])";"30";"turtlesim";"1727428128.355869510";"./src/turtle.cpp:update:260"
"Oh no! I hit the wall! (Clamping from [x=11.120889, y=5.544445])";"30";"turtlesim";"1727428128.340274297";"./src/turtle.cpp:update:260"
"Oh no! I hit the wall! (Clamping from [x=11.120889, y=5.544445])";"30";"turtlesim";"1727428128.323765846";"./src/turtle.cpp:update:260"
"Oh no! I hit the wall! (Clamping from [x=-0.022893, y=-0.022359])";"30";"turtlesim";"1727428128.556964578";"./src/turtle.cpp:update:260"
"Oh no! I hit the wall! (Clamping from [x=-0.022893, y=-0.022359])";"30";"turtlesim";"1727428128.541406314";"./src/turtle.cpp:update:260"
"Oh no! I hit the wall! (Clamping from [x=-0.022893, y=-0.022359])";"30";"turtlesim";"1727428128.524778340";"./src/turtle.cpp:update:260"
"Oh no! I hit the wall! (Clamping from [x=11.120889, y=5.544445])";"30";"turtlesim";"1727428128.308549210";"./src/turtle.cpp:update:260"
"Oh no! I hit the wall! (Clamping from [x=-0.022893, y=-0.022359])";"30";"turtlesim";"1727428128.509173208";"./src/turtle.cpp:update:260"
"Oh no! I hit the wall! (Clamping from [x=-0.022893, y=-0.022359])";"30";"turtlesim";"1727428128.493568487";"./src/turtle.cpp:update:260"
"Oh no! I hit the wall! (Clamping from [x=-0.022893, y=-0.022359])";"30";"turtlesim";"1727428101.992635124";"./src/turtle.cpp:update:260"
"Oh no! I hit the wall! (Clamping from [x=-0.022893, y=-0.022359])";"30";"turtlesim";"1727428101.976748076";"./src/turtle.cpp:update:260"
"Oh no! I hit the wall! (Clamping from [x=-0.022893, y=-0.022359])";"30";"turtlesim";"1727428101.960845097";"./src/turtle.cpp:update:260"
"Oh no! I hit the wall! (Clamping from [x=-0.022893, y=-0.022359])";"30";"turtlesim";"1727428101.944977965";"./src/turtle.cpp:update:260"
"Oh no! I hit the wall! (Clamping from [x=11.120889, y=5.544445])";"30";"turtlesim";"1727428128.291931305";"./src/turtle.cpp:update:260"
"Oh no! I hit the wall! (Clamping from [x=11.120889, y=5.544445])";"30";"turtlesim";"1727428128.276285216";"./src/turtle.cpp:update:260"
"Oh no! I hit the wall! (Clamping from [x=11.120889, y=5.544445])";"30";"turtlesim";"1727428128.259803125";"./src/turtle.cpp:update:260"
"Oh no! I hit the wall! (Clamping from [x=11.120889, y=5.544445])";"30";"turtlesim";"1727428128.244202632";"./src/turtle.cpp:update:260"
"Oh no! I hit the wall! (Clamping from [x=-0.022893, y=-0.022359])";"30";"turtlesim";"1727428128.477474782";"./src/turtle.cpp:update:260"
"Oh no! I hit the wall! (Clamping from [x=-0.022893, y=-0.022359])";"30";"turtlesim";"1727428128.460962855";"./src/turtle.cpp:update:260"
"Oh no! I hit the wall! (Clamping from [x=-0.022893, y=-0.022359])";"30";"turtlesim";"1727428128.445457760";"./src/turtle.cpp:update:260"
"Oh no! I hit the wall! (Clamping from [x=-0.022893, y=-0.022359])";"30";"turtlesim";"1727428128.428877645";"./src/turtle.cpp:update:260"
"Oh no! I hit the wall! (Clamping from [x=-0.022893, y=-0.022359])";"30";"turtlesim";"1727428101.928846057";"./src/turtle.cpp:update:260"
"Oh no! I hit the wall! (Clamping from [x=-0.022893, y=-0.022359])";"30";"turtlesim";"1727428101.912943078";"./src/turtle.cpp:update:260"
"Oh no! I hit the wall! (Clamping from [x=-0.022893, y=-0.022359])";"30";"turtlesim";"1727428101.897049557";"./src/turtle.cpp:update:260"
"Oh no! I hit the wall! (Clamping from [x=-0.022893, y=-0.022359])";"30";"turtlesim";"1727428101.881216620";"./src/turtle.cpp:update:260"
"Oh no! I hit the wall! (Clamping from [x=-0.022893, y=-0.022359])";"30";"turtlesim";"1727428128.413202663";"./src/turtle.cpp:update:260"
"Oh no! I hit the wall! (Clamping from [x=-0.022893, y=-0.022359])";"30";"turtlesim";"1727428128.397236005";"./src/turtle.cpp:update:260"
"Oh no! I hit the wall! (Clamping from [x=11.120889, y=5.544445])";"30";"turtlesim";"1727428128.196543129";"./src/turtle.cpp:update:260"
"Oh no! I hit the wall! (Clamping from [x=-0.022893, y=-0.022359])";"30";"turtlesim";"1727428128.380636474";"./src/turtle.cpp:update:260"
"Oh no! I hit the wall! (Clamping from [x=-0.022893, y=-0.022359])";"30";"turtlesim";"1727428128.364982130";"./src/turtle.cpp:update:260"
"Oh no! I hit the wall! (Clamping from [x=-0.022893, y=-0.022359])";"30";"turtlesim";"1727428101.848922887";"./src/turtle.cpp:update:260"
"Oh no! I hit the wall! (Clamping from [x=-0.022893, y=-0.022359])";"30";"turtlesim";"1727428128.349125578";"./src/turtle.cpp:update:260"
"Oh no! I hit the wall! (Clamping from [x=-0.022893, y=-0.022359])";"30";"turtlesim";"1727428128.333450476";"./src/turtle.cpp:update:260"
"Oh no! I hit the wall! (Clamping from [x=-0.022893, y=-0.022359])";"30";"turtlesim";"1727428128.317307458";"./src/turtle.cpp:update:260"
"Oh no! I hit the wall! (Clamping from [x=-0.022893, y=-0.022359])";"30";"turtlesim";"1727428101.833190108";"./src/turtle.cpp:update:260"
"Oh no! I hit the wall! (Clamping from [x=-0.022893, y=-0.022359])";"30";"turtlesim";"1727428101.816480196";"./src/turtle.cpp:update:260"
"Oh no! I hit the wall! (Clamping from [x=-0.022893, y=-0.022359])";"30";"turtlesim";"1727428128.301360678";"./src/turtle.cpp:update:260"
"Oh no! I hit the wall! (Clamping from [x=-0.022893, y=-0.022359])";"30";"turtlesim";"1727428128.285522661";"./src/turtle.cpp:update:260"
"Oh no! I hit the wall! (Clamping from [x=-0.022893, y=-0.022359])";"30";"turtlesim";"1727428128.269810980";"./src/turtle.cpp:update:260"
"Oh no! I hit the wall! (Clamping from [x=-0.022893, y=-0.022359])";"30";"turtlesim";"1727428128.252973914";"./src/turtle.cpp:update:260"
"Oh no! I hit the wall! (Clamping from [x=-0.022893, y=-0.022359])";"30";"turtlesim";"1727428101.800832145";"./src/turtle.cpp:update:260"
"Oh no! I hit the wall! (Clamping from [x=-0.022893, y=-0.022359])";"30";"turtlesim";"1727428101.785238667";"./src/turtle.cpp:update:260"
"Oh no! I hit the wall! (Clamping from [x=-0.022893, y=-0.022359])";"30";"turtlesim";"1727428128.237102525";"./src/turtle.cpp:update:260"
"Oh no! I hit the wall! (Clamping from [x=-0.022893, y=-0.022359])";"30";"turtlesim";"1727428128.221402496";"./src/turtle.cpp:update:260"
"Oh no! I hit the wall! (Clamping from [x=-0.022893, y=-0.022359])";"30";"turtlesim";"1727428128.205548028";"./src/turtle.cpp:update:260"
"Oh no! I hit the wall! (Clamping from [x=-0.022893, y=-0.022359])";"30";"turtlesim";"1727428128.188715762";"./src/turtle.cpp:update:260"
"Oh no! I hit the wall! (Clamping from [x=-0.022893, y=-0.022359])";"30";"turtlesim";"1727428101.768680800";"./src/turtle.cpp:update:260"
"Oh no! I hit the wall! (Clamping from [x=-0.022893, y=-0.022359])";"30";"turtlesim";"1727428101.753096108";"./src/turtle.cpp:update:260"
"Oh no! I hit the wall! (Clamping from [x=-0.022893, y=-0.022359])";"30";"turtlesim";"1727428128.172898052";"./src/turtle.cpp:update:260"
"Oh no! I hit the wall! (Clamping from [x=-0.022893, y=-0.022359])";"30";"turtlesim";"1727428128.157123874";"./src/turtle.cpp:update:260"
"Oh no! I hit the wall! (Clamping from [x=-0.022893, y=-0.022359])";"30";"turtlesim";"1727428101.736505078";"./src/turtle.cpp:update:260"
"Oh no! I hit the wall! (Clamping from [x=-0.022893, y=-0.022359])";"30";"turtlesim";"1727428101.720827763";"./src/turtle.cpp:update:260"
"Oh no! I hit the wall! (Clamping from [x=-0.022893, y=-0.022359])";"30";"turtlesim";"1727428128.141448361";"./src/turtle.cpp:update:260"
"Oh no! I hit the wall! (Clamping from [x=-0.022893, y=-0.022359])";"30";"turtlesim";"1727428128.124750416";"./src/turtle.cpp:update:260"
"Oh no! I hit the wall! (Clamping from [x=-0.022893, y=-0.022359])";"30";"turtlesim";"1727428128.109212290";"./src/turtle.cpp:update:260"
"Oh no! I hit the wall! (Clamping from [x=-0.022893, y=-0.022359])";"30";"turtlesim";"1727428128.093531767";"./src/turtle.cpp:update:260"
"Oh no! I hit the wall! (Clamping from [x=11.120889, y=5.544445])";"30";"turtlesim";"1727428128.036924752";"./src/turtle.cpp:update:260"
"Oh no! I hit the wall! (Clamping from [x=-0.022893, y=-0.022359])";"30";"turtlesim";"1727428101.657042894";"./src/turtle.cpp:update:260"
"Oh no! I hit the wall! (Clamping from [x=11.120889, y=5.544445])";"30";"turtlesim";"1727428127.988341080";"./src/turtle.cpp:update:260"
"Oh no! I hit the wall! (Clamping from [x=-0.022893, y=-0.022359])";"30";"turtlesim";"1727428128.076765264";"./src/turtle.cpp:update:260"
"Oh no! I hit the wall! (Clamping from [x=-0.022893, y=-0.022359])";"30";"turtlesim";"1727428101.640973272";"./src/turtle.cpp:update:260"
"Oh no! I hit the wall! (Clamping from [x=-0.022893, y=-0.022359])";"30";"turtlesim";"1727428128.061129705";"./src/turtle.cpp:update:260"
"Oh no! I hit the wall! (Clamping from [x=-0.022893, y=-0.022359])";"30";"turtlesim";"1727428128.044673592";"./src/turtle.cpp:update:260"
"Oh no! I hit the wall! (Clamping from [x=-0.022893, y=-0.022359])";"30";"turtlesim";"1727428128.029093638";"./src/turtle.cpp:update:260"
"Oh no! I hit the wall! (Clamping from [x=-0.022893, y=-0.022359])";"30";"turtlesim";"1727428128.013325852";"./src/turtle.cpp:update:260"
"Oh no! I hit the wall! (Clamping from [x=-0.022893, y=-0.022359])";"30";"turtlesim";"1727428101.592880416";"./src/turtle.cpp:update:260"
"Oh no! I hit the wall! (Clamping from [x=-0.022893, y=-0.022359])";"30";"turtlesim";"1727428127.997521738";"./src/turtle.cpp:update:260"
"Oh no! I hit the wall! (Clamping from [x=-0.022893, y=-0.022359])";"30";"turtlesim";"1727428127.981262563";"./src/turtle.cpp:update:260"
"Oh no! I hit the wall! (Clamping from [x=-0.022893, y=-0.022359])";"30";"turtlesim";"1727428127.965278934";"./src/turtle.cpp:update:260"
"Oh no! I hit the wall! (Clamping from [x=-0.022893, y=-0.022359])";"30";"turtlesim";"1727428127.949361058";"./src/turtle.cpp:update:260"
"Oh no! I hit the wall! (Clamping from [x=-0.022893, y=-0.022359])";"30";"turtlesim";"1727428127.933678521";"./src/turtle.cpp:update:260"
"Oh no! I hit the wall! (Clamping from [x=-0.022893, y=-0.022359])";"30";"turtlesim";"1727428127.916952543";"./src/turtle.cpp:update:260"
"Oh no! I hit the wall! (Clamping from [x=11.120889, y=5.544445])";"30";"turtlesim";"1727428127.971686737";"./src/turtle.cpp:update:260"
"Oh no! I hit the wall! (Clamping from [x=-0.022893, y=-0.022359])";"30";"turtlesim";"1727428101.576939286";"./src/turtle.cpp:update:260"
"Oh no! I hit the wall! (Clamping from [x=-0.022893, y=-0.022359])";"30";"turtlesim";"1727428101.560999368";"./src/turtle.cpp:update:260"
"Oh no! I hit the wall! (Clamping from [x=11.120889, y=5.544445])";"30";"turtlesim";"1727428127.956070785";"./src/turtle.cpp:update:260"
"Oh no! I hit the wall! (Clamping from [x=11.120889, y=5.544445])";"30";"turtlesim";"1727428127.940471143";"./src/turtle.cpp:update:260"
"Oh no! I hit the wall! (Clamping from [x=11.120889, y=5.544445])";"30";"turtlesim";"1727428127.923932747";"./src/turtle.cpp:update:260"
"Oh no! I hit the wall! (Clamping from [x=11.120889, y=5.544445])";"30";"turtlesim";"1727428127.908334107";"./src/turtle.cpp:update:260"
"Oh no! I hit the wall! (Clamping from [x=11.120889, y=5.544445])";"30";"turtlesim";"1727428127.891865951";"./src/turtle.cpp:update:260"
"Oh no! I hit the wall! (Clamping from [x=11.120889, y=5.544445])";"30";"turtlesim";"1727428127.876485600";"./src/turtle.cpp:update:260"
"Oh no! I hit the wall! (Clamping from [x=-0.022893, y=-0.022359])";"30";"turtlesim";"1727428101.528811724";"./src/turtle.cpp:update:260"
"Oh no! I hit the wall! (Clamping from [x=-0.022893, y=-0.022359])";"30";"turtlesim";"1727428101.513090687";"./src/turtle.cpp:update:260"
"Oh no! I hit the wall! (Clamping from [x=11.120889, y=5.544445])";"30";"turtlesim";"1727428127.859962983";"./src/turtle.cpp:update:260"
"Oh no! I hit the wall! (Clamping from [x=11.120889, y=5.544445])";"30";"turtlesim";"1727428127.844366127";"./src/turtle.cpp:update:260"
"Oh no! I hit the wall! (Clamping from [x=11.120889, y=5.544445])";"30";"turtlesim";"1727428127.827803895";"./src/turtle.cpp:update:260"
"Oh no! I hit the wall! (Clamping from [x=11.120889, y=5.544445])";"30";"turtlesim";"1727428127.812259758";"./src/turtle.cpp:update:260"
"Oh no! I hit the wall! (Clamping from [x=-0.022893, y=-0.022359])";"30";"turtlesim";"1727428101.465002379";"./src/turtle.cpp:update:260"
"Oh no! I hit the wall! (Clamping from [x=11.120889, y=5.544445])";"30";"turtlesim";"1727428127.795786362";"./src/turtle.cpp:update:260"
"Oh no! I hit the wall! (Clamping from [x=11.120889, y=5.544445])";"30";"turtlesim";"1727428127.780332523";"./src/turtle.cpp:update:260"
"Oh no! I hit the wall! (Clamping from [x=-0.022893, y=-0.022359])";"30";"turtlesim";"1727428101.432761185";"./src/turtle.cpp:update:260"
"Oh no! I hit the wall! (Clamping from [x=-0.022893, y=-0.022359])";"30";"turtlesim";"1727428101.304913054";"./src/turtle.cpp:update:260"
"Oh no! I hit the wall! (Clamping from [x=-0.022893, y=-0.022359])";"30";"turtlesim";"1727428101.272734127";"./src/turtle.cpp:update:260"
"Oh no! I hit the wall! (Clamping from [x=-0.022893, y=-0.022359])";"30";"turtlesim";"1727428101.176547562";"./src/turtle.cpp:update:260"
"Oh no! I hit the wall! (Clamping from [x=-0.022893, y=-0.022359])";"30";"turtlesim";"1727428126.909000200";"./src/turtle.cpp:update:260"
"Oh no! I hit the wall! (Clamping from [x=11.120889, y=5.544445])";"30";"turtlesim";"1727428126.884065382";"./src/turtle.cpp:update:260"
"Oh no! I hit the wall! (Clamping from [x=-0.022893, y=-0.022359])";"30";"turtlesim";"1727428126.860746395";"./src/turtle.cpp:update:260"
"Oh no! I hit the wall! (Clamping from [x=-0.022893, y=-0.022359])";"30";"turtlesim";"1727428100.520497909";"./src/turtle.cpp:update:260"
"Oh no! I hit the wall! (Clamping from [x=-0.022893, y=-0.022359])";"30";"turtlesim";"1727428126.813699287";"./src/turtle.cpp:update:260"
"Oh no! I hit the wall! (Clamping from [x=-0.022893, y=-0.022359])";"30";"turtlesim";"1727428100.424728647";"./src/turtle.cpp:update:260"
"Oh no! I hit the wall! (Clamping from [x=11.120889, y=5.544445])";"30";"turtlesim";"1727428126.756119803";"./src/turtle.cpp:update:260"
"Oh no! I hit the wall! (Clamping from [x=11.120889, y=5.544445])";"30";"turtlesim";"1727428126.724088525";"./src/turtle.cpp:update:260"
"Oh no! I hit the wall! (Clamping from [x=-0.022893, y=-0.022359])";"30";"turtlesim";"1727428126.653515974";"./src/turtle.cpp:update:260"
"Oh no! I hit the wall! (Clamping from [x=-0.022893, y=-0.022359])";"30";"turtlesim";"1727428126.636878291";"./src/turtle.cpp:update:260"
"Oh no! I hit the wall! (Clamping from [x=11.120889, y=5.544445])";"30";"turtlesim";"1727428126.035874112";"./src/turtle.cpp:update:260"
"Oh no! I hit the wall! (Clamping from [x=-0.022893, y=-0.022359])";"30";"turtlesim";"1727428125.660747485";"./src/turtle.cpp:update:260"
"Oh no! I hit the wall! (Clamping from [x=-0.022893, y=-0.022359])";"30";"turtlesim";"1727428099.288526355";"./src/turtle.cpp:update:260"
"Oh no! I hit the wall! (Clamping from [x=11.120889, y=5.544445])";"30";"turtlesim";"1727428125.044201483";"./src/turtle.cpp:update:260"
"Oh no! I hit the wall! (Clamping from [x=-0.022893, y=-0.022359])";"30";"turtlesim";"1727428098.680890690";"./src/turtle.cpp:update:260"
"Oh no! I hit the wall! (Clamping from [x=11.120889, y=5.544445])";"30";"turtlesim";"1727428125.012229836";"./src/turtle.cpp:update:260"
"Oh no! I hit the wall! (Clamping from [x=11.120889, y=5.544445])";"30";"turtlesim";"1727428124.980226059";"./src/turtle.cpp:update:260"
"Oh no! I hit the wall! (Clamping from [x=-0.022893, y=-0.022359])";"30";"turtlesim";"1727428124.924877177";"./src/turtle.cpp:update:260"
"Oh no! I hit the wall! (Clamping from [x=-0.022893, y=-0.022359])";"30";"turtlesim";"1727428124.909136071";"./src/turtle.cpp:update:260"
"Oh no! I hit the wall! (Clamping from [x=-0.022893, y=-0.022359])";"30";"turtlesim";"1727428124.893448616";"./src/turtle.cpp:update:260"
"Oh no! I hit the wall! (Clamping from [x=-0.022893, y=-0.022359])";"30";"turtlesim";"1727428098.521060050";"./src/turtle.cpp:update:260"
"Oh no! I hit the wall! (Clamping from [x=-0.022893, y=-0.022359])";"30";"turtlesim";"1727428098.504411262";"./src/turtle.cpp:update:260"
"Oh no! I hit the wall! (Clamping from [x=-0.022893, y=-0.022359])";"30";"turtlesim";"1727428098.488831810";"./src/turtle.cpp:update:260"
"Oh no! I hit the wall! (Clamping from [x=-0.022893, y=-0.022359])";"30";"turtlesim";"1727428098.312610768";"./src/turtle.cpp:update:260"
"Oh no! I hit the wall! (Clamping from [x=-0.022893, y=-0.022359])";"30";"turtlesim";"1727428098.297032638";"./src/turtle.cpp:update:260"
"Oh no! I hit the wall! (Clamping from [x=-0.022893, y=-0.022359])";"30";"turtlesim";"1727428098.280436730";"./src/turtle.cpp:update:260"
"Oh no! I hit the wall! (Clamping from [x=-0.022893, y=-0.022359])";"30";"turtlesim";"1727428098.264783259";"./src/turtle.cpp:update:260"
"Oh no! I hit the wall! (Clamping from [x=-0.022893, y=-0.022359])";"30";"turtlesim";"1727428123.757243542";"./src/turtle.cpp:update:260"
"Oh no! I hit the wall! (Clamping from [x=11.120889, y=5.544445])";"30";"turtlesim";"1727428123.764162530";"./src/turtle.cpp:update:260"
"Oh no! I hit the wall! (Clamping from [x=-0.022893, y=-0.022359])";"30";"turtlesim";"1727428122.844955623";"./src/turtle.cpp:update:260"
"Oh no! I hit the wall! (Clamping from [x=-0.022893, y=-0.022359])";"30";"turtlesim";"1727428095.688909206";"./src/turtle.cpp:update:260"
"Oh no! I hit the wall! (Clamping from [x=-0.022893, y=-0.022359])";"30";"turtlesim";"1727428122.829343158";"./src/turtle.cpp:update:260"
"Oh no! I hit the wall! (Clamping from [x=-0.022893, y=-0.022359])";"30";"turtlesim";"1727428122.813725673";"./src/turtle.cpp:update:260"
"Oh no! I hit the wall! (Clamping from [x=-0.011713, y=-0.022359])";"30";"turtlesim";"1727428122.797313102";"./src/turtle.cpp:update:260"
"Oh no! I hit the wall! (Clamping from [x=0.011180, y=-0.011050])";"30";"turtlesim";"1727428122.781495232";"./src/turtle.cpp:update:260"
"Oh no! I hit the wall! (Clamping from [x=-0.022893, y=-0.022359])";"30";"turtlesim";"1727428095.433468172";"./src/turtle.cpp:update:260"
"Oh no! I hit the wall! (Clamping from [x=-0.022893, y=-0.022359])";"30";"turtlesim";"1727428095.416615662";"./src/turtle.cpp:update:260"
"Oh no! I hit the wall! (Clamping from [x=-0.022893, y=-0.022359])";"30";"turtlesim";"1727428095.401012656";"./src/turtle.cpp:update:260"
"Oh no! I hit the wall! (Clamping from [x=-0.022893, y=-0.022359])";"30";"turtlesim";"1727428095.385115889";"./src/turtle.cpp:update:260"
"Oh no! I hit the wall! (Clamping from [x=-0.022893, y=-0.022359])";"30";"turtlesim";"1727428095.368498020";"./src/turtle.cpp:update:260"
"Oh no! I hit the wall! (Clamping from [x=11.120889, y=5.544445])";"30";"turtlesim";"1727428121.764001110";"./src/turtle.cpp:update:260"
"Oh no! I hit the wall! (Clamping from [x=11.120889, y=5.544445])";"30";"turtlesim";"1727428121.748054469";"./src/turtle.cpp:update:260"
"Oh no! I hit the wall! (Clamping from [x=11.120889, y=5.544445])";"30";"turtlesim";"1727428121.732441172";"./src/turtle.cpp:update:260"
"Oh no! I hit the wall! (Clamping from [x=11.120889, y=5.544445])";"30";"turtlesim";"1727428121.715945275";"./src/turtle.cpp:update:260"
"Oh no! I hit the wall! (Clamping from [x=11.120889, y=5.544445])";"30";"turtlesim";"1727428121.700203779";"./src/turtle.cpp:update:260"
"Oh no! I hit the wall! (Clamping from [x=11.120889, y=5.544445])";"30";"turtlesim";"1727428121.587748758";"./src/turtle.cpp:update:260"
"Oh no! I hit the wall! (Clamping from [x=11.120889, y=5.544445])";"30";"turtlesim";"1727428121.572262759";"./src/turtle.cpp:update:260"
"Oh no! I hit the wall! (Clamping from [x=11.120889, y=5.544445])";"30";"turtlesim";"1727428121.555813168";"./src/turtle.cpp:update:260"
"Oh no! I hit the wall! (Clamping from [x=11.120889, y=5.544445])";"30";"turtlesim";"1727428121.540396649";"./src/turtle.cpp:update:260"
"Oh no! I hit the wall! (Clamping from [x=11.120889, y=5.544445])";"30";"turtlesim";"1727428121.523943262";"./src/turtle.cpp:update:260"
"Oh no! I hit the wall! (Clamping from [x=11.120889, y=5.544445])";"30";"turtlesim";"1727428121.508123679";"./src/turtle.cpp:update:260"
"Oh no! I hit the wall! (Clamping from [x=11.120889, y=5.544445])";"30";"turtlesim";"1727428121.491687944";"./src/turtle.cpp:update:260"
"Oh no! I hit the wall! (Clamping from [x=11.120889, y=5.544445])";"30";"turtlesim";"1727428121.476249034";"./src/turtle.cpp:update:260"
"Oh no! I hit the wall! (Clamping from [x=11.120889, y=5.544445])";"30";"turtlesim";"1727428121.460788122";"./src/turtle.cpp:update:260"
"Oh no! I hit the wall! (Clamping from [x=-0.022893, y=-0.022359])";"30";"turtlesim";"1727428095.272384983";"./src/turtle.cpp:update:260"
"Oh no! I hit the wall! (Clamping from [x=11.120889, y=5.544445])";"30";"turtlesim";"1727428121.443931941";"./src/turtle.cpp:update:260"
"Oh no! I hit the wall! (Clamping from [x=11.120889, y=5.544445])";"30";"turtlesim";"1727428121.428477090";"./src/turtle.cpp:update:260"
"Oh no! I hit the wall! (Clamping from [x=-0.022893, y=-0.022359])";"30";"turtlesim";"1727428095.096548732";"./src/turtle.cpp:update:260"
"Oh no! I hit the wall! (Clamping from [x=11.120889, y=5.544445])";"30";"turtlesim";"1727428121.412007632";"./src/turtle.cpp:update:260"
"Oh no! I hit the wall! (Clamping from [x=11.120889, y=5.544445])";"30";"turtlesim";"1727428121.396465940";"./src/turtle.cpp:update:260"
"Oh no! I hit the wall! (Clamping from [x=11.120889, y=5.544445])";"30";"turtlesim";"1727428121.379973549";"./src/turtle.cpp:update:260"
"Oh no! I hit the wall! (Clamping from [x=11.120889, y=5.544445])";"30";"turtlesim";"1727428121.364492319";"./src/turtle.cpp:update:260"
"Oh no! I hit the wall! (Clamping from [x=11.120889, y=5.544445])";"30";"turtlesim";"1727428121.348051374";"./src/turtle.cpp:update:260"
"Oh no! I hit the wall! (Clamping from [x=11.112445, y=5.544445])";"30";"turtlesim";"1727428121.331666274";"./src/turtle.cpp:update:260"
"Oh no! I hit the wall! (Clamping from [x=-0.022893, y=-0.022359])";"30";"turtlesim";"1727428095.080864544";"./src/turtle.cpp:update:260"
"Oh no! I hit the wall! (Clamping from [x=-0.022893, y=-0.022359])";"30";"turtlesim";"1727428095.065189402";"./src/turtle.cpp:update:260"
"Oh no! I hit the wall! (Clamping from [x=-0.022893, y=-0.022359])";"30";"turtlesim";"1727428095.049333241";"./src/turtle.cpp:update:260"
"Oh no! I hit the wall! (Clamping from [x=-0.022893, y=-0.022359])";"30";"turtlesim";"1727428095.032481263";"./src/turtle.cpp:update:260"
"Oh no! I hit the wall! (Clamping from [x=-0.022893, y=-0.022359])";"30";"turtlesim";"1727428094.936316599";"./src/turtle.cpp:update:260"
"Oh no! I hit the wall! (Clamping from [x=-0.022893, y=-0.022359])";"30";"turtlesim";"1727428094.920712511";"./src/turtle.cpp:update:260"
"Oh no! I hit the wall! (Clamping from [x=-0.022893, y=-0.022359])";"30";"turtlesim";"1727428094.905150552";"./src/turtle.cpp:update:260"
"Oh no! I hit the wall! (Clamping from [x=-0.022893, y=-0.022359])";"30";"turtlesim";"1727428094.888448634";"./src/turtle.cpp:update:260"
"Oh no! I hit the wall! (Clamping from [x=-0.022893, y=-0.022359])";"30";"turtlesim";"1727428094.872849896";"./src/turtle.cpp:update:260"
"Oh no! I hit the wall! (Clamping from [x=-0.022893, y=-0.022359])";"30";"turtlesim";"1727428094.857257991";"./src/turtle.cpp:update:260"
"Oh no! I hit the wall! (Clamping from [x=-0.022893, y=-0.022359])";"30";"turtlesim";"1727428094.840638518";"./src/turtle.cpp:update:260"
"Oh no! I hit the wall! (Clamping from [x=-0.022893, y=-0.022359])";"30";"turtlesim";"1727428094.824991310";"./src/turtle.cpp:update:260"
"Oh no! I hit the wall! (Clamping from [x=-0.022893, y=-0.022359])";"30";"turtlesim";"1727428094.808335639";"./src/turtle.cpp:update:260"
"Oh no! I hit the wall! (Clamping from [x=-0.022893, y=-0.022359])";"30";"turtlesim";"1727428094.792724467";"./src/turtle.cpp:update:260"
"Oh no! I hit the wall! (Clamping from [x=-0.022893, y=-0.022359])";"30";"turtlesim";"1727428094.777021213";"./src/turtle.cpp:update:260"
"Oh no! I hit the wall! (Clamping from [x=-0.022893, y=-0.022359])";"30";"turtlesim";"1727428094.761145476";"./src/turtle.cpp:update:260"
"Oh no! I hit the wall! (Clamping from [x=-0.022893, y=-0.022359])";"30";"turtlesim";"1727428094.745030529";"./src/turtle.cpp:update:260"
"Oh no! I hit the wall! (Clamping from [x=-0.022893, y=-0.022359])";"30";"turtlesim";"1727428094.729015731";"./src/turtle.cpp:update:260"
"Oh no! I hit the wall! (Clamping from [x=-0.022893, y=-0.022359])";"30";"turtlesim";"1727428094.713153328";"./src/turtle.cpp:update:260"
"Oh no! I hit the wall! (Clamping from [x=-0.022893, y=-0.022359])";"30";"turtlesim";"1727428094.697296816";"./src/turtle.cpp:update:260"
"Oh no! I hit the wall! (Clamping from [x=-0.022893, y=-0.022359])";"30";"turtlesim";"1727428094.681437941";"./src/turtle.cpp:update:260"
"Oh no! I hit the wall! (Clamping from [x=-0.022893, y=-0.022359])";"30";"turtlesim";"1727428094.664604146";"./src/turtle.cpp:update:260"
"Oh no! I hit the wall! (Clamping from [x=-0.022893, y=-0.022359])";"30";"turtlesim";"1727428094.648952017";"./src/turtle.cpp:update:260"
"Oh no! I hit the wall! (Clamping from [x=-0.022893, y=-0.022359])";"30";"turtlesim";"1727428094.633014524";"./src/turtle.cpp:update:260"
"Oh no! I hit the wall! (Clamping from [x=-0.022893, y=-0.022359])";"30";"turtlesim";"1727428094.617154766";"./src/turtle.cpp:update:260"
"Oh no! I hit the wall! (Clamping from [x=-0.022893, y=-0.022359])";"30";"turtlesim";"1727428094.601099332";"./src/turtle.cpp:update:260"
"Oh no! I hit the wall! (Clamping from [x=-0.022893, y=-0.022359])";"30";"turtlesim";"1727428094.584440716";"./src/turtle.cpp:update:260"
"Oh no! I hit the wall! (Clamping from [x=-0.022893, y=-0.022359])";"30";"turtlesim";"1727428094.568754483";"./src/turtle.cpp:update:260"
"Oh no! I hit the wall! (Clamping from [x=-0.022893, y=-0.022359])";"30";"turtlesim";"1727428094.552991537";"./src/turtle.cpp:update:260"
"Oh no! I hit the wall! (Clamping from [x=-0.022893, y=-0.022359])";"30";"turtlesim";"1727428094.536386181";"./src/turtle.cpp:update:260"
"Oh no! I hit the wall! (Clamping from [x=-0.022893, y=-0.022359])";"30";"turtlesim";"1727428094.520777745";"./src/turtle.cpp:update:260"
"Oh no! I hit the wall! (Clamping from [x=-0.022893, y=-0.022359])";"30";"turtlesim";"1727428094.505156053";"./src/turtle.cpp:update:260"
"Oh no! I hit the wall! (Clamping from [x=-0.022893, y=-0.022359])";"30";"turtlesim";"1727428094.488427286";"./src/turtle.cpp:update:260"
"Oh no! I hit the wall! (Clamping from [x=-0.022893, y=-0.022359])";"30";"turtlesim";"1727428094.472876718";"./src/turtle.cpp:update:260"
"Oh no! I hit the wall! (Clamping from [x=-0.021063, y=-0.013243])";"30";"turtlesim";"1727428094.456594558";"./src/turtle.cpp:update:260"
